Time_sec,Conductance_microS,Stage,RR_Interval_ms,Conductance_microS_Normalized,RR_Interval_ms_Normalized
0,,,1715.0,,0.9155844155844155
1,11518.653884032496,Calibration,1062.5,0.5384708630537232,0.4918831168831169
2,11957.102698359366,Calibration,410.0,0.6058714935145739,0.06818181818181815
3,12039.822918284519,Calibration,895.0,0.6185876756380795,0.3831168831168832
4,11980.682347782436,Calibration,910.0,0.6094962797729213,0.3928571428571429
5,11541.293594351231,Calibration,900.0,0.5419511569878657,0.38636363636363635
6,11541.293594351231,Calibration,925.0,0.5419511569878657,0.4025974025974026
7,11496.063173166349,Calibration,915.0,0.5349981015700942,0.39610389610389607
8,11350.3641764346,Calibration,935.0,0.512600494560232,0.40909090909090906
9,11816.727286477646,Calibration,950.0,0.5842922556357917,0.4188311688311689
10,11507.347441341297,Calibration,880.0,0.5367327779209665,0.37337662337662336
11,11496.063173166349,Calibration,910.0,0.5349981015700942,0.3928571428571429
12,11758.77116137855,Calibration,925.0,0.5753829388738247,0.4025974025974026
13,11701.106924715079,Calibration,865.0,0.5665184927191951,0.36363636363636365
14,11507.347441341297,Calibration,855.0,0.5367327779209665,0.3571428571428572
15,11473.52140729624,Calibration,890.0,0.5315328641656354,0.3798701298701299
16,11886.691303815509,Calibration,845.0,0.5950474880005674,0.35064935064935066
17,11666.664722222547,Calibration,890.0,0.5612238583477442,0.3798701298701299
18,11758.77116137855,Calibration,865.0,0.5753829388738247,0.36363636363636365
19,11541.293594351231,Calibration,855.0,0.5419511569878657,0.3571428571428572
20,11507.347441341297,Normal,850.0,0.5367327779209665,0.35389610389610393
21,11910.10727433622,Normal,865.0,0.598647112687366,0.36363636363636365
22,11898.401925637369,Normal,875.0,0.596847705649904,0.3701298701298702
23,11886.691303815509,Normal,870.0,0.5950474880005674,0.3668831168831169
24,11394.985522670893,Normal,835.0,0.5194599198113994,0.3441558441558442
25,11689.617281930188,Normal,825.0,0.5647522451159019,0.33766233766233766
26,11770.3279448772,Normal,835.0,0.577159507696583,0.3441558441558442
27,11863.32500527918,Normal,800.0,0.5914554991493648,0.3214285714285714
28,12075.471698113208,Normal,785.0,0.6240677913485131,0.3116883116883117
29,12004.29753851879,Normal,820.0,0.6131265296266633,0.3344155844155844
30,11933.587200511713,Normal,820.0,0.6022565689698105,0.3344155844155844
31,11643.761447272971,Normal,850.0,0.557703047888741,0.35389610389610393
32,12039.822918284519,Normal,900.0,0.6185876756380795,0.38636363636363635
33,11620.907406933964,Normal,830.0,0.5541898060299584,0.34090909090909094
34,12063.584742460562,Normal,867.5,0.6222404667462591,0.3652597402597403
35,11632.329967324786,Normal,905.0,0.5559457413789921,0.38961038961038963
36,11361.50608124613,Normal,825.0,0.5143132860749835,0.33766233766233766
37,11162.794851272503,Normal,825.0,0.48376636305402476,0.33766233766233766
38,12087.382102696814,Normal,840.0,0.6258987206423039,0.3474025974025974
39,11875.003710938661,Normal,805.0,0.5932508104803449,0.3246753246753247
40,11886.691303815509,Normal,830.0,0.5950474880005674,0.34090909090909094
41,12051.692117831804,Normal,315.0,0.6204122706795345,0.006493506493506496
42,11839.994316802728,Normal,367.5,0.5878689844616407,0.040584415584415584
43,11620.907406933964,Normal,420.0,0.5541898060299584,0.07467532467532464
44,11712.619175900114,Normal,765.0,0.5682882158032598,0.2987012987012987
45,11586.720228212042,Normal,305.0,0.5489343752379445,0.0
46,11496.063173166349,Normal,810.0,0.5349981015700942,0.32792207792207795
47,12004.29753851879,Normal,785.0,0.6131265296266633,0.3116883116883117
48,11793.509795689235,Normal,785.0,0.5807231422849886,0.3116883116883117
49,11575.346826329283,Normal,475.0,0.5471859967902588,0.1103896103896104
50,11910.10727433622,Normal,430.0,0.598647112687366,0.08116883116883114
51,11541.293594351231,Normal,780.0,0.5419511569878657,0.3084415584415584
52,12183.10228079858,Normal,665.0,0.6406133239005853,0.23376623376623376
53,12171.091466969483,Normal,550.0,0.6387669591757272,0.1590909090909091
54,12027.977074675697,Normal,795.0,0.6167666709928712,0.31818181818181823
55,12123.18121973751,Normal,760.0,0.6314019469703052,0.2954545454545454
56,12279.656906386035,Normal,770.0,0.6554562027631889,0.30194805194805197
57,11620.907406933964,Normal,830.0,0.5541898060299584,0.34090909090909094
58,11863.32500527918,Normal,450.0,0.5914554991493648,0.09415584415584413
59,12243.348800763984,Normal,642.5,0.6498747320651272,0.21915584415584413
60,11678.13654310809,Normal,835.0,0.5629873662760452,0.3441558441558442
61,11898.401925637369,Normal,790.0,0.596847705649904,0.31493506493506496
62,12087.382102696814,Normal,830.0,0.6258987206423039,0.34090909090909094
63,11563.982357988516,Normal,807.5,0.5454389916530773,0.3262987012987013
64,11968.88090963495,Normal,785.0,0.6076821013660154,0.3116883116883117
65,11678.13654310809,Normal,885.0,0.5629873662760452,0.37662337662337664
66,11933.587200511713,Normal,555.0,0.6022565689698105,0.1623376623376623
67,11898.401925637369,Normal,535.0,0.596847705649904,0.14935064935064932
68,11921.835676570136,Normal,925.0,0.6004500636340528,0.4025974025974026
69,11507.347441341297,Normal,875.0,0.5367327779209665,0.3701298701298702
70,11793.509795689235,Normal,385.0,0.5807231422849886,0.05194805194805194
71,11921.835676570136,Normal,865.0,0.6004500636340528,0.36363636363636365
72,11473.52140729624,Normal,810.0,0.5315328641656354,0.32792207792207795
73,12075.471698113208,Normal,650.0,0.6240677913485131,0.224025974025974
74,12159.08952737619,Normal,732.5,0.6369219586445185,0.2775974025974026
75,12135.141793064282,Normal,815.0,0.6332405884640342,0.3311688311688312
76,11529.969272631886,Normal,1280.0,0.5402103233979809,0.6331168831168832
77,12183.10228079858,Normal,310.0,0.6406133239005853,0.003246753246753248
78,11945.333376336534,Normal,520.0,0.6040622521652648,0.1396103896103896
79,11747.20945039506,Normal,730.0,0.5736056125724871,0.275974025974026
80,11758.77116137855,Normal,850.0,0.5753829388738247,0.35389610389610393
81,12087.382102696814,Normal,800.0,0.6258987206423039,0.3214285714285714
82,11816.727286477646,Normal,830.0,0.5842922556357917,0.34090909090909094
83,11575.346826329283,Normal,790.0,0.5471859967902588,0.31493506493506496
84,11563.982357988516,Normal,885.0,0.5454389916530773,0.37662337662337664
85,12195.121951219513,Normal,825.0,0.6424610501067707,0.33766233766233766
86,12183.10228079858,Normal,785.0,0.6406133239005853,0.3116883116883117
87,12051.692117831804,Normal,850.0,0.6204122706795345,0.35389610389610393
88,11921.835676570136,Normal,832.5,0.6004500636340528,0.3425324675324676
89,11609.493779633232,Normal,815.0,0.5524352439219606,0.3311688311688312
90,12219.20272146083,Normal,750.0,0.6461628712617427,0.288961038961039
91,11805.107125444609,Normal,705.0,0.582505944089059,0.2597402597402597
92,12255.427622508318,Normal,640.0,0.6517315513201687,0.21753246753246755
93,11980.682347782436,Normal,750.0,0.6094962797729213,0.288961038961039
94,11875.003710938661,Normal,840.0,0.5932508104803449,0.3474025974025974
95,11712.619175900114,Normal,920.0,0.5682882158032598,0.39935064935064934
96,11518.653884032496,Normal,895.0,0.5384708630537232,0.3831168831168832
97,11875.003710938661,Normal,890.0,0.5932508104803449,0.3798701298701299
98,11875.003710938661,Normal,880.0,0.5932508104803449,0.37337662337662336
99,11921.835676570136,Normal,850.0,0.6004500636340528,0.35389610389610393
100,12243.348800763984,Normal,775.0,0.6498747320651272,0.30519480519480524
101,11980.682347782436,Normal,745.0,0.6094962797729213,0.2857142857142857
102,11620.907406933964,Normal,780.0,0.5541898060299584,0.3084415584415584
103,11875.003710938661,Normal,785.0,0.5932508104803449,0.3116883116883117
104,11632.329967324786,Normal,825.0,0.5559457413789921,0.33766233766233766
105,11689.617281930188,Normal,820.0,0.5647522451159019,0.3344155844155844
106,12243.348800763984,Normal,890.0,0.6498747320651272,0.3798701298701299
107,12219.20272146083,Normal,790.0,0.6461628712617427,0.31493506493506496
108,11724.140356718694,Normal,795.0,0.5700593115970023,0.31818181818181823
109,12051.692117831804,Normal,805.0,0.6204122706795345,0.3246753246753247
110,11586.720228212042,Normal,825.0,0.5489343752379445,0.33766233766233766
111,12183.10228079858,Normal,795.0,0.6406133239005853,0.31818181818181823
112,12063.584742460562,Normal,830.0,0.6222404667462591,0.34090909090909094
113,12039.822918284519,Normal,840.0,0.6185876756380795,0.3474025974025974
114,12219.20272146083,Normal,860.0,0.6461628712617427,0.36038961038961037
115,11655.215417518953,Normal,810.0,0.5594638117239545,0.32792207792207795
116,11518.653884032496,Normal,805.0,0.5384708630537232,0.3246753246753247
117,12243.348800763984,Normal,820.0,0.6498747320651272,0.3344155844155844
118,11666.664722222547,Normal,780.0,0.5612238583477442,0.3084415584415584
119,11563.982357988516,Normal,815.0,0.5454389916530773,0.3311688311688312
120,11875.003710938661,Normal,765.0,0.5932508104803449,0.2987012987012987
121,11816.727286477646,Normal,810.0,0.5842922556357917,0.32792207792207795
122,11747.20945039506,Normal,780.0,0.5736056125724871,0.3084415584415584
123,11712.619175900114,Normal,805.0,0.5682882158032598,0.3246753246753247
124,11839.994316802728,Normal,800.0,0.5878689844616407,0.3214285714285714
125,12243.348800763984,Normal,805.0,0.6498747320651272,0.3246753246753247
126,11805.107125444609,Normal,770.0,0.582505944089059,0.30194805194805197
127,12075.471698113208,Normal,815.0,0.6240677913485131,0.3311688311688312
128,11839.994316802728,Normal,820.0,0.5878689844616407,0.3344155844155844
129,11563.982357988516,Normal,825.0,0.5454389916530773,0.33766233766233766
130,12039.822918284519,Normal,830.0,0.6185876756380795,0.34090909090909094
131,11968.88090963495,Normal,835.0,0.6076821013660154,0.3441558441558442
132,12231.263844261764,Normal,810.0,0.6480169697432194,0.32792207792207795
133,12255.427622508318,Normal,840.0,0.6517315513201687,0.3474025974025974
134,11945.333376336534,Normal,840.0,0.6040622521652648,0.3474025974025974
135,11898.401925637369,Normal,790.0,0.596847705649904,0.31493506493506496
136,11518.653884032496,Normal,770.0,0.5384708630537232,0.30194805194805197
137,11910.10727433622,Normal,1062.5,0.598647112687366,0.4918831168831169
138,12135.141793064282,Normal,1355.0,0.6332405884640342,0.6818181818181819
139,12231.263844261764,Normal,760.0,0.6480169697432194,0.2954545454545454
140,11770.3279448772,Normal,795.0,0.577159507696583,0.31818181818181823
141,11632.329967324786,Normal,730.0,0.5559457413789921,0.275974025974026
142,11851.655202165533,Normal,815.0,0.5896615563639993,0.3311688311688312
143,12243.348800763984,Normal,810.0,0.6498747320651272,0.32792207792207795
144,11863.32500527918,Normal,782.5,0.5914554991493648,0.31006493506493504
145,11541.293594351231,Normal,755.0,0.5419511569878657,0.29220779220779225
146,12255.427622508318,Normal,645.0,0.6517315513201687,0.22077922077922077
147,12195.121951219513,Normal,535.0,0.6424610501067707,0.14935064935064932
148,11875.003710938661,Normal,705.0,0.5932508104803449,0.2597402597402597
149,11980.682347782436,Normal,705.0,0.6094962797729213,0.2597402597402597
150,11747.20945039506,Normal,700.0,0.5736056125724871,0.25649350649350644
151,12316.074817691304,Normal,685.0,0.6610545533615613,0.24675324675324675
152,11945.333376336534,Normal,655.0,0.6040622521652648,0.22727272727272727
153,11609.493779633232,Normal,645.0,0.5524352439219606,0.22077922077922077
154,12255.427622508318,Normal,670.0,0.6517315513201687,0.23701298701298698
155,11793.509795689235,Normal,615.0,0.5807231422849886,0.20129870129870128
156,12063.584742460562,Normal,630.0,0.6222404667462591,0.21103896103896105
157,11666.664722222547,Normal,645.0,0.5612238583477442,0.22077922077922077
158,12123.18121973751,Normal,645.0,0.6314019469703052,0.22077922077922077
159,12171.091466969483,Normal,670.0,0.6387669591757272,0.23701298701298698
160,11875.003710938661,Normal,745.0,0.5932508104803449,0.2857142857142857
161,12063.584742460562,Normal,715.0,0.6222404667462591,0.26623376623376627
162,11851.655202165533,Normal,695.0,0.5896615563639993,0.2532467532467533
163,12027.977074675697,Normal,735.0,0.6167666709928712,0.27922077922077926
164,11620.907406933964,Normal,675.0,0.5541898060299584,0.24025974025974026
165,12111.229532022091,Normal,765.0,0.629564671418934,0.2987012987012987
166,12231.263844261764,Normal,800.0,0.6480169697432194,0.3214285714285714
167,12123.18121973751,Normal,740.0,0.6314019469703052,0.2824675324675324
168,11678.13654310809,Normal,765.0,0.5629873662760452,0.2987012987012987
169,11678.13654310809,Normal,800.0,0.5629873662760452,0.3214285714285714
170,11793.509795689235,Normal,650.0,0.5807231422849886,0.224025974025974
171,11735.670452985143,Normal,800.0,0.5718317779197271,0.3214285714285714
172,12004.29753851879,Normal,785.0,0.6131265296266633,0.3116883116883117
173,12255.427622508318,Normal,755.0,0.6517315513201687,0.29220779220779225
174,12255.427622508318,Normal,785.0,0.6517315513201687,0.3116883116883117
175,11839.994316802728,Normal,780.0,0.5878689844616407,0.3084415584415584
176,11839.994316802728,Normal,775.0,0.5878689844616407,0.30519480519480524
177,12291.7772926623,Normal,765.0,0.6573194115340999,0.2987012987012987
178,11724.140356718694,Normal,780.0,0.5700593115970023,0.3084415584415584
179,12063.584742460562,Normal,735.0,0.6222404667462591,0.27922077922077926
180,12255.427622508318,Normal,770.0,0.6517315513201687,0.30194805194805197
181,11598.10255042275,Normal,760.0,0.5506841249648038,0.2954545454545454
182,12111.229532022091,Normal,790.0,0.629564671418934,0.31493506493506496
183,11839.994316802728,Normal,770.0,0.5878689844616407,0.30194805194805197
184,11689.617281930188,Normal,715.0,0.5647522451159019,0.26623376623376627
185,11839.994316802728,Normal,755.0,0.5878689844616407,0.29220779220779225
186,11678.13654310809,Normal,775.0,0.5629873662760452,0.30519480519480524
187,11655.215417518953,Normal,862.5,0.5594638117239545,0.362012987012987
188,11898.401925637369,Normal,950.0,0.596847705649904,0.4188311688311689
189,12231.263844261764,Normal,755.0,0.6480169697432194,0.29220779220779225
190,11910.10727433622,Normal,1480.0,0.598647112687366,0.762987012987013
191,11724.140356718694,Normal,750.0,0.5700593115970023,0.288961038961039
192,11793.509795689235,Normal,725.0,0.5807231422849886,0.2727272727272727
193,12063.584742460562,Normal,760.0,0.6222404667462591,0.2954545454545454
194,11839.994316802728,Normal,790.0,0.5878689844616407,0.31493506493506496
195,12111.229532022091,Normal,760.0,0.629564671418934,0.2954545454545454
196,12267.530300799843,Normal,755.0,0.6535920379276328,0.29220779220779225
197,11678.13654310809,Normal,795.0,0.5629873662760452,0.31818181818181823
198,11575.346826329283,Normal,765.0,0.5471859967902588,0.2987012987012987
199,11609.493779633232,Normal,735.0,0.5524352439219606,0.27922077922077926
200,11609.493779633232,Normal,805.0,0.5524352439219606,0.3246753246753247
201,11724.140356718694,Normal,800.0,0.5700593115970023,0.3214285714285714
202,11898.401925637369,Normal,765.0,0.596847705649904,0.2987012987012987
203,12171.091466969483,Normal,780.0,0.6387669591757272,0.3084415584415584
204,12147.11123474171,Normal,765.0,0.635080593246717,0.2987012987012987
205,11828.356355257587,Normal,750.0,0.5860799365276741,0.288961038961039
206,11933.587200511713,Normal,785.0,0.6022565689698105,0.3116883116883117
207,11992.478317599203,Normal,775.0,0.6113096175596089,0.30519480519480524
208,12171.091466969483,Normal,775.0,0.6387669591757272,0.30519480519480524
209,12219.20272146083,Normal,745.0,0.6461628712617427,0.2857142857142857
210,12291.7772926623,Normal,725.0,0.6573194115340999,0.2727272727272727
211,12255.427622508318,Normal,755.0,0.6517315513201687,0.29220779220779225
212,11886.691303815509,Normal,745.0,0.5950474880005674,0.2857142857142857
213,12328.236840223586,Normal,690.0,0.6629241626741407,0.24999999999999997
214,12123.18121973751,Normal,730.0,0.6314019469703052,0.275974025974026
215,11678.13654310809,Normal,770.0,0.5629873662760452,0.30194805194805197
216,11678.13654310809,Normal,640.0,0.5629873662760452,0.21753246753246755
217,12255.427622508318,Normal,475.0,0.6517315513201687,0.1103896103896104
218,11910.10727433622,Normal,310.0,0.598647112687366,0.003246753246753248
219,13399.993836002834,Normal,500.0,0.8276802182407428,0.1266233766233766
220,8818.933191289716,Normal,690.0,0.1234557670762666,0.24999999999999997
221,8836.248411684348,Normal,785.0,0.1261175527466385,0.3116883116883117
222,8844.915898117182,Normal,780.0,0.1274499638080775,0.3084415584415584
223,8810.285479680399,Normal,730.0,0.1221263959034733,0.275974025974026
224,8836.248411684348,Normal,755.0,0.1261175527466385,0.29220779220779225
225,8818.933191289716,Normal,815.0,0.1234557670762666,0.3311688311688312
226,8844.915898117182,Normal,805.0,0.1274499638080775,0.3246753246753247
227,8862.270566892861,Normal,795.0,0.1301178136886063,0.31818181818181823
228,8836.248411684348,Normal,825.0,0.1261175527466385,0.33766233766233766
229,8836.248411684348,Normal,840.0,0.1261175527466385,0.3474025974025974
230,8844.915898117182,Normal,880.0,0.1274499638080775,0.37337662337662336
231,8818.933191289716,Normal,870.0,0.1234557670762666,0.3668831168831169
232,8923.289160077562,Normal,805.0,0.13949790896106595,0.3246753246753247
233,11701.106924715079,Normal,840.0,0.5665184927191951,0.3474025974025974
234,11793.509795689235,Normal,890.0,0.5807231422849886,0.3798701298701299
235,11724.140356718694,Normal,840.0,0.5700593115970023,0.3474025974025974
236,11933.587200511713,Normal,790.0,0.6022565689698105,0.31493506493506496
237,12027.977074675697,Normal,810.0,0.6167666709928712,0.32792207792207795
238,11666.664722222547,Normal,810.0,0.5612238583477442,0.32792207792207795
239,11735.670452985143,Normal,670.0,0.5718317779197271,0.23701298701298698
240,11724.140356718694,Normal,660.0,0.5700593115970023,0.23051948051948049
241,11816.727286477646,Normal,670.0,0.5842922556357917,0.23701298701298698
242,12316.074817691304,Normal,665.0,0.6610545533615613,0.23376623376623376
243,12135.141793064282,Normal,775.0,0.6332405884640342,0.30519480519480524
244,12123.18121973751,Normal,795.0,0.6314019469703052,0.31818181818181823
245,11793.509795689235,Normal,790.0,0.5807231422849886,0.31493506493506496
246,11992.478317599203,Normal,765.0,0.6113096175596089,0.2987012987012987
247,11851.655202165533,Normal,730.0,0.5896615563639993,0.275974025974026
248,11781.907467255134,Normal,750.0,0.5789395720580446,0.288961038961039
249,11910.10727433622,Normal,737.5,0.598647112687366,0.2808441558441558
250,11805.107125444609,Normal,725.0,0.582505944089059,0.2727272727272727
251,11805.107125444609,Normal,705.0,0.582505944089059,0.2597402597402597
252,12450.66424293736,Normal,752.5,0.6817443393035638,0.2905844155844156
253,12316.074817691304,Normal,800.0,0.6610545533615613,0.3214285714285714
254,12389.286240830379,Normal,825.0,0.6723089938236377,0.33766233766233766
255,12147.11123474171,Normal,795.0,0.635080593246717,0.31818181818181823
256,,Normal,835.0,,0.3441558441558442
257,,Normal,840.0,,0.3474025974025974
258,,Normal,840.0,,0.3474025974025974
259,,Normal,820.0,,0.3344155844155844
260,,Stress,845.0,,0.35064935064935066
261,10495.492186106068,Stress,845.0,0.38118512923435044,0.35064935064935066
262,10474.999319125045,Stress,840.0,0.3780348592157352,0.3474025974025974
263,10536.608392197852,Stress,860.0,0.3875057261254584,0.36038961038961037
264,10454.542603306563,Stress,855.0,0.37489014654171204,0.3571428571428572
265,10474.999319125045,Stress,835.0,0.3780348592157352,0.3441558441558442
266,10444.333270319188,Stress,837.5,0.37332071481456675,0.34577922077922074
267,10162.477693361463,Stress,840.0,0.3299924106543124,0.3474025974025974
268,10454.542603306563,Stress,860.0,0.37489014654171204,0.36038961038961037
269,10122.85091874995,Stress,805.0,0.32390077691128005,0.3246753246753247
270,10363.005727633266,Stress,840.0,0.3608186222743499,0.3474025974025974
271,10152.562557552339,Stress,855.0,0.3284682044464202,0.3571428571428572
272,10474.999319125045,Stress,800.0,0.3780348592157352,0.3214285714285714
273,10383.27793854553,Stress,805.0,0.36393497189527335,0.3246753246753247
274,10272.27697345849,Stress,840.0,0.34687132664373954,0.3474025974025974
275,10252.225245489533,Stress,765.0,0.3437888708067631,0.2987012987012987
276,10413.759492141777,Stress,800.0,0.36862075473395506,0.3214285714285714
277,9527.892906483732,Stress,800.0,0.23244073912775431,0.3214285714285714
278,9416.781080556797,Stress,735.0,0.21536005177174156,0.27922077922077926
279,9640.29179235197,Stress,790.0,0.2497192800271002,0.31493506493506496
280,9555.871748734085,Stress,815.0,0.23674179217116076,0.3311688311688312
281,9537.216124762046,Stress,830.0,0.23387395269647437,0.34090909090909094
282,9687.500605468787,Stress,765.0,0.25697646413482067,0.2987012987012987
283,9696.969696969696,Stress,830.0,0.2584321020934559,0.34090909090909094
284,9621.462789473735,Stress,820.0,0.24682478784586204,0.3344155844155844
285,9593.301573109591,Stress,810.0,0.24249569930584225,0.32792207792207795
286,9640.29179235197,Stress,800.0,0.2497192800271002,0.3214285714285714
287,9389.204105335602,Stress,820.0,0.21112077581665578,0.3344155844155844
288,9398.390243719055,Stress,785.0,0.2125329167515011,0.3116883116883117
289,9261.52318714945,Stress,810.0,0.19149300148505244,0.32792207792207795
290,8897.090028764293,Stress,820.0,0.13547044233248817,0.3344155844155844
291,9555.871748734085,Stress,560.0,0.23674179217116076,0.16558441558441558
292,9343.410513018642,Stress,800.0,0.20408114680552747,0.3214285714285714
293,9583.932728459391,Stress,775.0,0.2410554718141047,0.30519480519480524
294,9361.700534178632,Stress,765.0,0.206892783915821,0.2987012987012987
295,9444.440246915445,Stress,1022.5,0.21961196257564364,0.46590909090909094
296,9537.216124762046,Stress,1280.0,0.23387395269647437,0.6331168831168832
297,9389.204105335602,Stress,1007.5,0.21112077581665578,0.4561688311688312
298,9361.700534178632,Stress,735.0,0.206892783915821,0.27922077922077926
299,10083.379464794383,Stress,780.0,0.3178330198667183,0.3084415584415584
300,10567.551487752735,Stress,665.0,0.39226245959276507,0.23376623376623376
301,10352.88855943697,Stress,490.0,0.35926335859789127,0.12012987012987011
302,10192.308476331422,Stress,315.0,0.3345781536501118,0.006493506493506496
303,10495.492186106068,Stress,700.0,0.38118512923435044,0.25649350649350644
304,10474.999319125045,Stress,717.5,0.3780348592157352,0.2678571428571428
305,10444.333270319188,Stress,735.0,0.37332071481456675,0.27922077922077926
306,10505.757680496796,Stress,840.0,0.38276319438430306,0.3474025974025974
307,10332.670664721369,Stress,695.0,0.35615535874501303,0.2532467532467533
308,10383.27793854553,Stress,845.0,0.36393497189527335,0.35064935064935066
309,10252.225245489533,Stress,770.0,0.3437888708067631,0.30194805194805197
310,10302.427767103318,Stress,812.5,0.3515062633436512,0.3295454545454546
311,10629.726242030361,Stress,855.0,0.4018202859572726,0.3571428571428572
312,10526.315789473683,Stress,730.0,0.38592349374160073,0.275974025974026
313,10608.953957139825,Stress,530.0,0.398627062365406,0.1461038961038961
314,10403.586324277705,Stress,705.0,0.36705688249752266,0.2597402597402597
315,10252.225245489533,Stress,705.0,0.3437888708067631,0.2597402597402597
316,10162.477693361463,Stress,785.0,0.3299924106543124,0.3116883116883117
317,10222.220859259442,Stress,855.0,0.33917644061555885,0.3571428571428572
318,9907.631154744318,Stress,780.0,0.29081607624015304,0.3084415584415584
319,10222.220859259442,Stress,1180.0,0.33917644061555885,0.5681818181818182
320,9859.356282628307,Stress,1580.0,0.2833950120025146,0.827922077922078
321,9868.99890848872,Stress,680.0,0.2848773265647919,0.24350649350649348
322,10112.972010327367,Stress,920.0,0.32238213976552954,0.39935064935064934
323,9859.356282628307,Stress,1160.0,0.2833950120025146,0.5551948051948052
324,10242.218218652923,Stress,1845.0,0.3422505386325465,1.0
325,9849.732481265808,Stress,905.0,0.28191559123989207,0.38961038961038963
326,10292.364917856634,Stress,670.0,0.3499593498584357,0.23701298701298698
327,10103.091950260457,Stress,735.0,0.32086332558302777,0.27922077922077926
328,10182.35581020496,Stress,800.0,0.33304817808678444,0.3214285714285714
329,10083.379464794383,Stress,787.5,0.3178330198667183,0.3133116883116883
330,9907.631154744318,Stress,775.0,0.29081607624015304,0.30519480519480524
331,10312.499677734386,Stress,775.0,0.3530545697919685,0.30519480519480524
332,10152.562557552339,Stress,885.0,0.3284682044464202,0.37662337662337664
333,10182.35581020496,Stress,780.0,0.33304817808678444,0.3084415584415584
334,10222.220859259442,Stress,630.0,0.33917644061555885,0.21103896103896105
335,10342.769731677525,Stress,565.0,0.3577078398047606,0.1688311688311688
336,10242.218218652923,Stress,500.0,0.3422505386325465,0.1266233766233766
337,9936.713074428962,Stress,672.5,0.2952867000797137,0.23863636363636362
338,10132.749146569204,Stress,845.0,0.3254223839350945,0.35064935064935066
339,10162.477693361463,Stress,770.0,0.3299924106543124,0.30194805194805197
340,10093.231176376188,Stress,775.0,0.31934747617275616,0.30519480519480524
341,9849.732481265808,Stress,785.0,0.28191559123989207,0.3116883116883117
342,9859.356282628307,Stress,760.0,0.2833950120025146,0.2954545454545454
343,9868.99890848872,Stress,700.0,0.2848773265647919,0.25649350649350644
344,9678.040622607708,Stress,775.0,0.2555222264036401,0.30519480519480524
345,9763.517834529852,Stress,685.0,0.2686622276656645,0.24675324675324675
346,9897.961910662976,Stress,745.0,0.28932966978661323,0.2857142857142857
347,10152.562557552339,Stress,692.5,0.3284682044464202,0.25162337662337664
348,10152.562557552339,Stress,640.0,0.3284682044464202,0.21753246753246755
349,10242.218218652923,Stress,725.0,0.3422505386325465,0.2727272727272727
350,10322.58064516129,Stress,810.0,0.35460426849801174,0.32792207792207795
351,10242.218218652923,Stress,802.5,0.3422505386325465,0.32305194805194803
352,10619.329941519349,Stress,795.0,0.4002221126106793,0.31818181818181823
353,10567.551487752735,Stress,745.0,0.39226245959276507,0.2857142857142857
354,10650.534656839773,Stress,730.0,0.40501906362804463,0.275974025974026
355,11317.017965766021,Stress,600.0,0.5074743417480887,0.19155844155844157
356,10202.270209166943,Stress,765.0,0.33610952299507746,0.2987012987012987
357,10723.688090808191,Stress,895.0,0.4162645896934243,0.3831168831168832
358,10444.333270319188,Stress,1025.0,0.37332071481456675,0.4675324675324676
359,10464.771915063726,Stress,822.5,0.3764626495091834,0.336038961038961
360,10474.999319125045,Stress,620.0,0.3780348592157352,0.20454545454545456
361,9715.935202484947,Stress,1335.0,0.2613475781694925,0.6688311688311689
362,10192.308476331422,Stress,1022.5,0.3345781536501118,0.46590909090909094
363,10034.2468846172,Stress,710.0,0.3102801042882042,0.262987012987013
364,10044.053217411567,Stress,695.0,0.31178758473119284,0.2532467532467533
365,10829.09735141937,Stress,770.0,0.43246864907151394,0.30194805194805197
366,10557.23180936173,Stress,755.0,0.3906760649966825,0.29220779220779225
367,10474.999319125045,Stress,805.0,0.3780348592157352,0.3246753246753247
368,10474.999319125045,Stress,590.0,0.3780348592157352,0.18506493506493507
369,9946.41864277139,Stress,750.0,0.2967786904874534,0.288961038961039
370,8775.794253258891,Stress,850.0,0.11682422531887116,0.35389610389610393
371,10182.35581020496,Stress,795.0,0.33304817808678444,0.31818181818181823
372,10132.749146569204,Stress,855.0,0.3254223839350945,0.3571428571428572
373,9117.648667820351,Stress,835.0,0.16937586262376736,0.3441558441558442
374,9773.05977887475,Stress,755.0,0.2701290649421111,0.29220779220779225
375,10142.646175816686,Stress,765.0,0.32694380670822687,0.2987012987012987
376,10162.477693361463,Stress,890.0,0.3299924106543124,0.3798701298701299
377,10262.241314552064,Stress,620.0,0.3453285929989429,0.20454545454545456
378,10093.231176376188,Stress,982.5,0.31934747617275616,0.43993506493506496
379,9801.740200955279,Stress,1345.0,0.27453796848328893,0.6753246753246753
380,9888.291965663895,Stress,685.0,0.2878431555843559,0.24675324675324675
381,10302.427767103318,Stress,595.0,0.3515062633436512,0.1883116883116883
382,10162.477693361463,Stress,640.0,0.3299924106543124,0.21753246753246755
383,10192.308476331422,Stress,690.0,0.3345781536501118,0.24999999999999997
384,10242.218218652923,Stress,760.0,0.3422505386325465,0.2954545454545454
385,9927.006719590849,Stress,850.0,0.29379458876776976,0.35389610389610393
386,10192.308476331422,Stress,1470.0,0.3345781536501118,0.7564935064935066
387,10577.891360824568,Stress,850.0,0.393851958620141,0.35389610389610393
388,10526.315789473683,Stress,960.0,0.38592349374160073,0.4253246753246753
389,10423.941709317962,Stress,1070.0,0.37018601807767704,0.4967532467532467
390,10702.730587654829,Stress,745.0,0.4130428933875727,0.2857142857142857
391,10786.799977131985,Stress,855.0,0.4259664768665663,0.3571428571428572
392,10608.953957139825,Stress,835.0,0.398627062365406,0.3441558441558442
393,10413.759492141777,Stress,732.5,0.36862075473395506,0.2775974025974026
394,10162.477693361463,Stress,630.0,0.3299924106543124,0.21103896103896105
395,10444.333270319188,Stress,500.0,0.37332071481456675,0.1266233766233766
396,9687.500605468787,Stress,370.0,0.25697646413482067,0.042207792207792194
397,9640.29179235197,Stress,612.5,0.2497192800271002,0.19967532467532464
398,9715.935202484947,Stress,855.0,0.2613475781694925,0.3571428571428572
399,10262.241314552064,Stress,900.0,0.3453285929989429,0.38636363636363635
400,9389.204105335602,Stress,955.0,0.21112077581665578,0.42207792207792205
401,10103.091950260457,Stress,905.0,0.32086332558302777,0.38961038961038963
402,11021.567002310121,Stress,865.0,0.4620560841168855,0.36363636363636365
403,10989.240434690395,Stress,905.0,0.4570866761335386,0.38961038961038963
404,10978.478887836174,Stress,850.0,0.4554323552207953,0.35389610389610393
405,10807.924802782392,Stress,867.5,0.4292138948562785,0.3652597402597403
406,10797.363715675181,Stress,885.0,0.42759038965768226,0.37662337662337664
407,10363.005727633266,Stress,1087.5,0.3608186222743499,0.5081168831168832
408,9640.29179235197,Stress,1290.0,0.2497192800271002,0.6396103896103896
409,9782.6108223067,Stress,912.5,0.27159730097750967,0.39448051948051954
410,9792.170963471284,Stress,535.0,0.27306693556365147,0.14935064935064932
411,10083.379464794383,Stress,760.0,0.3178330198667183,0.2954545454545454
412,10172.41221462569,Stress,715.0,0.3315195968951137,0.26623376623376627
413,9897.961910662976,Stress,790.0,0.28932966978661323,0.31493506493506496
414,10083.379464794383,Stress,740.0,0.3178330198667183,0.2824675324675324
415,9602.679531696525,Stress,742.5,0.24393732783930178,0.28409090909090906
416,10505.757680496796,Stress,745.0,0.38276319438430306,0.2857142857142857
417,10403.586324277705,Stress,820.0,0.36705688249752266,0.3344155844155844
418,10444.333270319188,Stress,1205.0,0.37332071481456675,0.5844155844155844
419,10671.37914769829,Stress,990.0,0.4082233870965808,0.44480519480519487
420,10403.586324277705,Stress,775.0,0.36705688249752266,0.30519480519480524
421,10434.132970503751,Stress,725.0,0.3717526717135593,0.2727272727272727
422,10903.520201497053,Stress,865.0,0.44390931637866626,0.36363636363636365
423,10967.738397503743,Stress,585.0,0.4537812712260172,0.1818181818181818
424,10807.924802782392,Stress,1630.0,0.4292138948562785,0.8603896103896105
425,11151.864982140289,Stress,410.0,0.48208616676589733,0.06818181818181815
426,8015.839298453745,Stress,1120.0,0.0,0.5292207792207793
427,8810.285479680399,Stress,760.0,0.1221263959034733,0.2954545454545454
428,9243.425613532376,Stress,685.0,0.18871094841125124,0.24675324675324675
429,10474.999319125045,Stress,750.0,0.3780348592157352,0.288961038961039
430,11439.78895877329,Stress,475.0,0.5263473368631482,0.1103896103896104
431,11151.864982140289,Stress,1060.0,0.48208616676589733,0.4902597402597403
432,11507.347441341297,Stress,715.0,0.5367327779209665,0.26623376623376627
433,11010.778451025708,Stress,710.0,0.4603976119427844,0.262987012987013
434,11529.969272631886,Stress,825.0,0.5402103233979809,0.33766233766233766
435,11507.347441341297,Stress,845.0,0.5367327779209665,0.35064935064935066
436,11620.907406933964,Stress,735.0,0.5541898060299584,0.27922077922077926
437,11875.003710938661,Stress,595.0,0.5932508104803449,0.1883116883116883
438,11875.003710938661,Stress,775.0,0.5932508104803449,0.30519480519480524
439,11933.587200511713,Stress,772.5,0.6022565689698105,0.3035714285714286
440,12016.125640609698,Relaxation,770.0,0.6149448069535308,0.30194805194805197
441,12051.692117831804,Relaxation,720.0,0.6204122706795345,0.26948051948051943
442,12219.20272146083,Relaxation,765.0,0.6461628712617427,0.2987012987012987
443,12171.091466969483,Relaxation,810.0,0.6387669591757272,0.32792207792207795
444,11886.691303815509,Relaxation,1165.0,0.5950474880005674,0.5584415584415584
445,12267.530300799843,Relaxation,1002.5,0.6535920379276328,0.45292207792207795
446,11151.864982140289,Relaxation,840.0,0.48208616676589733,0.3474025974025974
447,12426.06491376311,Relaxation,760.0,0.6779628025743474,0.2954545454545454
448,12413.786254462755,Relaxation,765.0,0.676075263251591,0.2987012987012987
449,12928.331792707128,Relaxation,755.0,0.7551738776057706,0.29220779220779225
450,12775.307884920028,Relaxation,465.0,0.731650247199179,0.1038961038961039
451,12851.554266973048,Relaxation,982.5,0.7433712373189088,0.43993506493506496
452,12462.96940216382,Relaxation,1500.0,0.6836359523326876,0.775974025974026
453,12762.639160626748,Relaxation,765.0,0.7297027450584499,0.2987012987012987
454,12303.921628940792,Relaxation,625.0,0.6591863020238269,0.20779220779220778
455,12377.049484681544,Relaxation,900.0,0.6704278960711134,0.38636363636363635
456,12524.752041221464,Relaxation,1175.0,0.6931335007076636,0.564935064935065
457,13174.866044549492,Relaxation,902.5,0.7930724040959838,0.387987012987013
458,13109.475922481048,Relaxation,630.0,0.7830202946836424,0.21103896103896105
459,13122.532963802803,Relaxation,800.0,0.7850274909361645,0.3214285714285714
460,13267.051145808871,Relaxation,1320.0,0.8072435769694208,0.6590909090909091
461,12636.809256210045,Relaxation,760.0,0.7103595181836437,0.2954545454545454
462,12561.977657266538,Relaxation,340.0,0.6988560158764721,0.022727272727272707
463,13346.644386668302,Relaxation,380.0,0.8194790636192915,0.04870129870129869
464,13083.422518663503,Relaxation,655.0,0.7790152300430879,0.22727272727272727
465,12838.816363841785,Relaxation,935.0,0.7414131006476659,0.40909090909090906
466,12877.089468729919,Relaxation,1215.0,0.7472966412454776,0.5909090909090909
467,12813.366904354623,Relaxation,1495.0,0.7375008774684197,0.7727272727272727
468,13386.62996945171,Relaxation,1350.0,0.8256258552193185,0.6785714285714286
469,13615.90882787449,Relaxation,1205.0,0.8608717929526994,0.5844155844155844
470,13240.63126033597,Relaxation,1060.0,0.8031821748641126,0.4902597402597403
471,13507.471657947592,Relaxation,625.0,0.8442022676178342,0.20779220779220778
472,12800.671779254975,Relaxation,972.5,0.7355493168585245,0.4334415584415584
473,13293.523661142764,Relaxation,1320.0,0.8113130696104904,0.6590909090909091
474,13520.968317667039,Relaxation,755.0,0.8462770442952507,0.29220779220779225
475,13602.296067576208,Relaxation,695.0,0.8587791686909019,0.2532467532467533
476,13440.191818417632,Relaxation,740.0,0.8338596610159983,0.2824675324675324
477,13520.968317667039,Relaxation,915.0,0.8462770442952507,0.39610389610389607
478,13821.986634138924,Relaxation,430.0,0.8925511443669261,0.08116883116883114
479,13863.645501039078,Relaxation,625.0,0.8989551618978338,0.20779220779220778
480,13359.946346455474,Relaxation,385.0,0.8215239100112166,0.05194805194805194
481,13174.866044549492,Relaxation,890.0,0.7930724040959838,0.3798701298701299
482,13919.39556416702,Relaxation,1395.0,0.9075253513481676,0.7077922077922079
483,13507.471657947592,Relaxation,645.0,0.8442022676178342,0.22077922077922077
484,14145.051848687552,Relaxation,370.0,0.9422144081939186,0.042207792207792194
485,14003.523286458872,Relaxation,610.0,0.9204579020506061,0.19805194805194806
486,14520.953736241396,Relaxation,425.0,1.0,0.07792207792207792
487,14088.237448789258,Relaxation,645.0,0.9334806033636354,0.22077922077922077
488,14130.820308249713,Relaxation,695.0,0.9400266618331217,0.2532467532467533
489,14418.612698760577,Relaxation,865.0,0.9842676038277931,0.36363636363636365
490,14173.560922925593,Relaxation,895.0,0.9465969712542139,0.3831168831168832
491,13933.37894192707,Relaxation,850.0,0.9096749488523748,0.35389610389610393
492,14130.820308249713,Relaxation,865.0,0.9400266618331217,0.36363636363636365
493,14173.560922925593,Relaxation,885.0,0.9465969712542139,0.37662337662337664
494,14375.003593750898,Relaxation,865.0,0.9775637855588388,0.36363636363636365
495,13697.917094726576,Relaxation,910.0,0.8734785299496237,0.3928571428571429
496,14346.008510052248,Relaxation,1002.5,0.9731065105983525,0.45292207792207795
497,14216.439606432086,Relaxation,1095.0,0.9531885053335247,0.512987012987013
498,14433.18014918135,Relaxation,835.0,0.9865069880169708,0.3441558441558442
499,13808.130503403014,Relaxation,,0.8904211079366027,
