df_hash,22ZHK4.UNGTKH
device,HZ2X61
project_hash,29R7
project_name,istanbul_aydin_university
person_hash,29R7.7KWE
person_label,V152
date_time_start,2026-06-08_18-35-23.944000_+03
date_time_start_unix,1780925723.944
date_time_end,2026-06-08_18-48-41.887000_+03
length_difference_noticed,no

time,temperature
15.626,32.219
16.627,32.250
17.625,32.281
18.600,32.375
19.624,32.438
20.599,32.469
21.623,32.500
22.597,32.500
23.650,32.562
24.596,32.625
25.622,32.625
26.601,32.656
27.672,32.688
28.632,32.750
29.617,32.781
30.592,32.781
31.616,32.844
32.591,32.906
33.620,32.938
34.613,33.000
35.614,33.031
36.595,33.062
37.612,33.094
38.734,33.094
39.611,33.125
40.589,33.188
41.616,33.219
42.585,33.250
43.609,33.250
44.882,33.312
45.608,33.375
46.583,33.375
47.613,33.406
48.602,33.438
49.605,33.469
50.589,33.469
51.607,33.438
52.677,33.469
53.603,33.500
54.626,33.500
55.601,33.500
56.625,33.562
57.650,33.562
58.625,33.594
59.801,33.562
60.623,33.656
61.598,33.688
62.621,33.719
63.599,33.750
64.620,33.781
65.595,33.844
66.619,33.812
67.595,33.844
68.622,33.844
69.641,33.875
70.616,33.875
71.595,33.875
72.861,33.938
73.694,33.938
74.614,33.906
75.768,33.938
76.759,34.000
77.693,34.062
78.638,34.094
79.586,34.125
80.614,34.125
81.634,34.125
82.609,34.156
83.584,34.219
84.656,34.188
85.583,34.219
86.709,34.219
87.582,34.188
88.611,34.188
89.781,34.188
90.604,34.219
91.676,34.250
92.604,34.250
93.578,34.281
94.602,34.344
95.626,34.312
96.600,34.344
97.576,34.375
98.617,34.375
99.586,34.375
100.647,34.406
101.622,34.375
102.600,34.375
103.625,34.344
104.596,34.344
105.622,34.375
106.653,34.375
107.618,34.406
108.593,34.469
109.622,34.469
110.611,34.469
111.618,34.469
112.643,34.500
113.615,34.562
114.589,34.625
115.613,34.594
116.588,34.625
117.864,34.594
118.591,34.594
119.611,34.594
120.591,34.562
121.758,34.594
122.584,34.594
123.622,34.562
124.583,34.531
125.606,34.562
126.731,34.531
127.606,34.562
128.602,34.562
129.604,34.594
130.581,34.625
131.687,34.656
132.581,34.594
133.602,34.594
134.921,34.625
135.612,34.625
136.576,34.625
137.652,34.656
138.678,34.625
139.598,34.688
140.578,34.719
141.650,34.719
142.623,34.781
143.596,34.812
144.587,34.812
145.941,34.844
146.578,34.844
147.594,34.844
148.718,34.844
149.592,34.812
150.616,34.781
151.594,34.781
152.663,34.750
153.590,34.719
154.614,34.750
155.601,34.781
156.615,34.781
158.060,34.750
158.611,34.812
159.832,34.844
160.610,34.844
161.669,34.875
162.759,34.906
163.831,34.938
164.608,34.906
165.582,34.906
166.609,34.906
167.581,34.938
168.605,34.906
169.610,34.875
170.604,34.906
171.579,34.906
172.602,34.906
173.577,34.875
174.601,34.875
175.673,34.906
176.605,34.906
177.575,34.906
178.844,34.969
179.577,34.969
180.652,34.969
181.572,34.969
182.596,34.969
183.624,34.969
184.598,35.000
185.572,34.969
186.594,35.000
187.569,35.000
188.592,35.000
189.762,34.969
190.598,35.000
191.572,35.000
192.640,35.031
193.565,35.094
194.589,35.094
195.564,35.094
196.636,35.094
197.611,35.125
198.586,35.125
199.610,35.062
200.585,35.094
201.609,35.094
202.590,35.094
203.607,35.062
204.905,35.031
205.607,35.094
206.633,35.094
207.605,35.125
208.580,35.094
209.603,35.188
210.579,35.188
211.603,35.188
212.642,35.188
213.602,35.188
214.725,35.156
215.690,35.125
216.575,35.125
217.599,35.125
218.647,35.125
219.598,35.094
220.576,35.094
221.841,35.094
222.572,35.094
223.595,35.125
224.571,35.156
225.616,35.188
226.569,35.188
227.647,35.188
228.568,35.219
229.740,35.219
230.569,35.250
231.590,35.281
232.593,35.250
233.600,35.219
234.613,35.219
235.593,35.219
236.709,35.250
237.587,35.250
238.567,35.281
239.585,35.375
240.563,35.375
241.584,35.438
242.581,35.531
243.634,35.594
244.558,35.625
245.584,35.656
246.747,35.688
247.581,35.781
248.606,35.781
249.584,35.781
250.700,35.781
251.578,35.781
252.602,35.781
253.604,35.812
254.600,35.844
255.725,35.875
256.599,36.031
257.684,35.969
258.619,35.969
259.577,35.938
260.843,35.906
261.641,35.906
262.596,35.906
263.619,35.938
264.594,35.938
265.569,35.938
266.598,35.844
267.568,35.875
268.641,35.875
269.571,35.938
270.591,35.938
271.615,36.000
272.736,35.969
273.593,35.969
274.783,35.969
275.563,35.969
276.713,35.938
277.570,35.969
278.586,36.000
279.566,36.000
280.584,36.031
281.621,36.000
282.583,36.062
283.559,36.062
284.635,36.031
285.752,36.031
286.727,36.062
287.656,36.062
288.581,36.031
289.558,36.031
290.579,36.031
291.602,36.031
292.577,36.062
293.552,36.031
294.627,36.062
295.611,36.062
296.574,36.062
297.599,36.000
298.574,36.031
299.795,35.938
300.574,35.969
301.596,36.031
302.571,36.031
303.597,36.094
304.570,36.094
305.593,36.125
306.574,36.125
307.641,36.125
308.568,36.125
309.594,36.188
310.568,36.188
311.591,36.156
312.711,36.156
313.589,36.125
314.574,36.125
315.588,36.156
316.574,36.125
317.592,36.125
318.561,36.156
319.831,36.188
320.585,36.188
321.584,36.188
322.576,36.188
323.583,36.188
324.558,36.219
325.630,36.250
326.558,36.312
327.606,36.344
328.555,36.375
329.580,36.375
330.554,36.375
331.578,36.375
332.555,36.375
333.871,36.375
334.551,36.375
335.575,36.344
336.605,36.344
337.575,36.312
338.571,36.312
339.573,36.312
340.548,36.344
341.572,36.344
342.595,36.375
343.573,36.375
344.840,36.344
345.569,36.375
346.593,36.375
347.568,36.344
348.592,36.375
349.567,36.375
350.590,36.344
351.716,36.375
352.598,36.375
353.564,36.375
354.588,36.406
355.807,36.375
356.587,36.375
357.565,36.375
358.589,36.375
359.763,36.344
360.584,36.375
361.805,36.375
362.586,36.375
363.580,36.375
364.582,36.375
365.705,36.375
366.580,36.375
367.556,36.375
368.579,36.375
369.629,36.438
370.580,36.406
371.553,36.375
372.625,36.375
373.552,36.375
374.576,36.375
375.551,36.375
376.627,36.375
377.598,36.375
378.573,36.375
379.555,36.344
380.577,36.375
381.795,36.375
382.574,36.375
383.743,36.438
384.569,36.438
385.643,36.469
386.568,36.500
387.543,36.469
388.589,36.469
389.549,36.500
390.571,36.500
391.541,36.500
392.568,36.500
393.588,36.438
394.760,36.438
395.636,36.344
396.564,36.375
397.586,36.312
398.566,36.312
399.635,36.312
400.806,36.312
401.583,36.344
402.630,36.344
403.584,36.375
404.557,36.375
405.581,36.500
406.802,36.469
407.581,36.531
408.554,36.562
409.578,36.531
410.654,36.562
411.612,36.562
412.552,36.562
413.576,36.531
414.551,36.531
415.578,36.531
416.566,36.531
417.623,36.562
418.549,36.531
419.572,36.562
420.575,36.562
421.580,36.562
422.646,36.531
423.575,36.562
424.550,36.562
425.568,36.562
426.695,36.562
427.567,36.562
428.602,36.594
429.574,36.562
430.556,36.562
431.565,36.562
432.540,36.594
433.634,36.594
434.592,36.562
435.563,36.594
436.976,36.562
437.561,36.594
438.536,36.562
439.764,36.562
440.563,36.562
441.572,36.562
442.632,36.531
443.606,36.531
444.581,36.531
445.556,36.531
446.580,36.531
447.850,36.531
448.586,36.562
449.554,36.594
450.586,36.594
451.943,36.562
452.576,36.594
453.593,36.625
454.575,36.625
455.551,36.594
456.674,36.625
457.795,36.594
458.573,36.594
459.571,36.594
460.572,36.625
461.693,36.594
462.570,36.562
463.702,36.594
464.818,36.625
465.558,36.625
466.568,36.688
467.546,36.656
468.722,36.625
469.545,36.625
470.585,36.594
471.546,36.594
472.810,36.594
473.542,36.531
474.564,36.562
475.585,36.531
476.559,36.531
477.535,36.531
478.558,36.531
479.538,36.531
480.557,36.594
481.531,36.562
482.611,36.562
483.530,36.594
484.553,36.562
485.577,36.562
486.551,36.500
487.672,36.531
488.550,36.562
489.770,36.531
490.548,36.531
491.627,36.500
492.568,36.531
493.570,36.500
494.544,36.531
495.592,36.438
496.543,36.500
497.717,36.500
498.686,36.469
499.564,36.531
500.539,36.531
501.563,36.562
502.635,36.562
503.566,36.625
504.552,36.625
505.559,36.688
506.585,36.625
507.558,36.625
508.532,36.625
509.556,36.594
510.585,36.625
511.618,36.625
512.554,36.656
513.649,36.625
514.528,36.625
515.577,36.625
516.525,36.656
517.844,36.625
518.524,36.625
519.596,36.625
520.918,36.594
521.545,36.625
522.573,36.594
523.790,36.562
524.519,36.562
525.542,36.562
526.539,36.562
527.540,36.594
528.808,36.594
529.539,36.594
530.562,36.562
531.644,36.531
532.522,36.625
533.536,36.625
534.577,36.594
535.534,36.625
536.514,36.625
537.678,36.625
538.664,36.594
539.532,36.562
540.562,36.594
541.529,36.594
542.556,36.562
543.678,36.531
544.551,36.531
545.720,36.562
546.549,36.562
547.572,36.562
548.553,36.625
549.544,36.656
550.545,36.656
551.520,36.625
552.543,36.625
553.580,36.625
554.591,36.625
555.517,36.625
556.640,36.594
557.527,36.594
558.543,36.562
559.611,36.531
560.537,36.562
561.545,36.562
562.535,36.531
563.521,36.562
564.588,36.562
565.508,36.562
566.562,36.531
567.512,36.531
568.677,36.531
569.505,36.531
570.726,36.531
571.524,36.594
572.527,36.594
573.573,36.500
574.525,36.531
575.500,36.531
576.531,36.562
577.499,36.562
578.522,36.594
579.497,36.562
580.569,36.562
581.496,36.531
582.582,36.531
583.494,36.594
584.517,36.594
585.496,36.594
586.518,36.594
587.538,36.562
588.539,36.594
589.593,36.594
590.512,36.594
591.536,36.594
592.514,36.625
593.533,36.594
594.660,36.625
595.532,36.625
596.507,36.625
597.531,36.688
598.551,36.656
599.532,36.656
600.606,36.625
601.527,36.594
602.508,36.594
603.526,36.594
604.501,36.562
605.562,36.531
606.499,36.531
607.522,36.531
608.498,36.531
609.545,36.531
610.496,36.562
611.523,36.562
612.494,36.562
613.517,36.562
614.521,36.562
615.516,36.594
616.588,36.562
617.518,36.562
618.490,36.562
619.513,36.594
620.538,36.594
621.520,36.594
622.546,36.594
623.801,36.594
624.632,36.594
625.508,36.594
626.585,36.625
627.508,36.625
628.481,36.625
629.504,36.594
630.551,36.562
631.505,36.594
632.495,36.562
633.501,36.562
634.524,36.562
635.597,36.594
636.523,36.531
637.570,36.531
638.521,36.531
639.518,36.531
640.520,36.500
641.495,36.500
642.518,36.469
643.496,36.500
644.614,36.469
645.491,36.500
646.515,36.531
647.588,36.562
648.513,36.594
649.488,36.625
650.512,36.688
651.652,36.688
652.510,36.688
653.485,36.688
654.510,36.719
655.581,36.688
656.702,36.719
657.482,36.688
658.505,36.656
659.480,36.656
660.529,36.656
661.527,36.656
662.700,36.625
663.477,36.625
664.501,36.625
665.555,36.625
666.507,36.625
667.674,36.688
668.497,36.656
669.527,36.656
670.496,36.625
671.717,36.625
672.494,36.656
673.469,36.656
674.497,36.656
675.763,36.656
676.589,36.594
677.468,36.594
678.489,36.625
679.498,36.594
680.500,36.594
681.563,36.594
682.491,36.625
683.461,36.625
684.484,36.625
685.459,36.625
686.483,36.688
687.506,36.688
688.481,36.688
689.505,36.719
690.772,36.688
691.503,36.688
692.480,36.656
693.551,36.656
694.525,36.688
695.500,36.688
696.475,36.656
697.499,36.688
698.522,36.656
699.643,36.625
700.478,36.656
701.593,36.656
702.470,36.688
703.494,36.688
704.522,36.688
705.885,36.656
706.487,36.656
707.688,36.625
708.466,36.656
709.489,36.656
710.907,36.625
711.488,36.625
712.617,36.625
713.486,36.562
714.461,36.531
715.484,36.562
716.705,36.531
717.485,36.562
718.458,36.531
719.484,36.531
720.510,36.500
721.516,36.500
722.554,36.500
723.498,36.531
724.459,36.594
725.566,36.625
726.795,36.656
727.475,36.656
728.450,36.625
729.473,36.625
730.457,36.656
731.473,36.688
732.447,36.688
733.470,36.688
734.445,36.656
735.469,36.656
736.492,36.625
737.565,36.656
738.541,36.688
739.466,36.688
740.502,36.688
741.661,36.688
742.488,36.719
743.463,36.719
744.486,36.719
745.461,36.719
746.485,36.719
747.460,36.688
748.483,36.719
749.458,36.719
750.535,36.719
751.461,36.688
752.480,36.625
753.455,36.625
754.478,36.625
755.453,36.625
756.530,36.625
757.533,36.625
758.475,36.594
759.455,36.625
760.476,36.625
761.448,36.656
762.483,36.719
763.473,36.719
764.471,36.688
765.466,36.688
766.507,36.750
767.590,36.750
768.487,36.812
769.443,36.750
770.467,36.719
771.459,36.656
772.569,36.594
773.439,36.500
774.463,36.375
775.443,36.250
776.461,36.094
777.444,35.938
778.516,35.719
779.454,35.594
780.499,35.438
781.433,35.250
782.617,35.125
783.432,34.781
784.457,34.312
785.479,33.781
786.459,33.219
787.482,32.594
788.452,32.062
789.476,31.531
790.464,30.953
791.480,30.438
792.595,29.859
