df_hash,22ZHK4.JVF6GR
device,HZ2X61
project_hash,29R7
project_name,istanbul_aydin_university
person_hash,29R7.2LVU
person_label,V157
date_time_start,2026-06-08_20-04-04.390000_+03
date_time_start_unix,1780931044.39
date_time_end,2026-06-08_20-13-20.835000_+03
length_difference_noticed,no

time,rr_int
10.377,3990
10.828,1575
10.912,230
10.916,40
11.205,240
12.137,545
12.323,560
12.372,210
12.762,20
12.860,325
13.837,245
14.176,850
14.816,495
15.348,560
15.931,525
16.272,530
16.857,510
17.451,555
18.076,595
18.661,580
19.246,565
19.784,575
20.367,570
20.860,580
21.348,595
21.928,535
22.707,585
23.293,575
23.778,590
24.316,575
24.907,580
25.534,560
26.071,760
27.192,345
27.390,1175
27.598,295
28.801,260
29.386,1075
31.044,605
31.512,1625
32.024,535
32.555,535
33.146,530
33.743,545
34.115,560
34.759,575
35.334,550
35.920,580
36.508,615
37.137,595
37.722,580
38.356,570
38.848,545
39.478,600
40.134,615
40.651,590
41.282,565
41.923,635
42.500,620
43.286,650
43.670,795
44.262,390
44.840,605
45.376,585
46.059,630
46.595,580
46.741,645
48.155,365
49.325,1120
49.770,1245
50.787,435
51.909,950
52.407,1125
53.179,530
54.104,535
54.692,1150
55.809,520
56.053,1205
56.350,520
57.373,555
57.954,595
58.691,560
59.172,590
59.790,610
60.345,570
60.933,630
61.539,575
62.146,610
62.731,565
63.365,615
63.901,625
64.686,645
65.120,605
65.949,605
66.392,635
67.070,615
67.752,610
68.191,580
68.971,615
69.507,645
70.092,645
70.775,600
71.360,615
71.904,615
72.535,590
73.165,630
73.606,580
74.285,580
74.288,565
74.929,10
75.504,645
76.089,595
76.726,565
77.311,610
77.892,620
78.380,620
79.111,550
79.699,650
80.282,590
80.867,620
81.361,570
82.037,610
82.526,575
83.158,595
83.840,555
84.376,600
84.961,595
85.503,565
85.985,580
86.526,555
87.155,560
87.740,540
88.325,565
88.861,585
89.349,565
89.983,550
90.421,570
91.007,585
91.595,560
92.198,570
92.761,545
93.311,555
93.885,540
94.516,595
95.102,580
95.687,580
96.272,585
96.667,580
97.197,610
97.883,570
98.475,570
99.050,570
99.641,595
100.220,555
100.805,540
101.345,560
101.926,570
102.367,585
102.974,570
103.486,550
104.022,535
104.510,500
105.055,535
105.826,610
106.367,615
107.045,610
107.559,660
108.264,630
108.853,635
109.385,595
110.078,580
110.669,600
111.238,580
111.773,580
112.361,555
112.905,560
113.385,550
113.921,555
114.504,550
115.137,560
115.674,565
116.210,540
116.795,560
117.191,550
117.770,555
118.216,550
118.894,535
119.281,570
119.915,535
120.500,565
120.997,570
121.670,565
122.213,560
122.791,545
123.327,570
123.766,545
124.351,535
124.839,500
125.131,510
125.521,275
125.570,590
127.033,1400
127.910,300
128.543,540
129.129,680
129.519,490
130.006,495
130.299,530
130.591,220
131.084,325
131.225,370
131.810,200
132.346,530
132.883,650
133.863,470
134.207,1010
134.978,490
135.371,655
136.588,460
136.831,1220
137.371,295
137.590,565
137.757,185
137.761,10
138.342,350
138.349,325
138.589,190
139.707,615
140.439,515
140.682,1025
140.685,10
141.268,290
141.805,290
142.391,520
142.827,525
143.120,620
143.364,275
143.997,215
144.312,520
145.119,455
145.709,695
146.093,580
146.678,375
147.217,680
147.361,500
148.777,250
149.073,1395
149.311,385
150.237,665
150.825,390
151.114,575
151.120,185
151.164,20
151.169,25
151.174,10
151.215,10
151.220,15
151.225,190
152.383,345
152.919,830
153.553,580
154.186,580
154.725,560
155.161,570
155.844,540
156.395,595
157.062,560
157.067,590
157.574,10
158.184,575
158.782,575
159.207,575
159.987,590
160.572,635
160.998,620
161.794,595
162.376,615
162.914,590
163.557,615
164.180,595
164.721,570
165.156,610
166.080,590
166.084,645
166.471,155
166.475,430
167.105,10
167.543,550
168.129,555
168.713,550
169.298,525
169.891,555
170.371,585
170.858,570
171.394,585
171.687,540
171.980,330
172.565,220
173.052,555
173.490,500
174.076,540
174.661,570
174.957,545
175.246,185
175.879,350
176.273,555
176.952,560
177.493,550
177.945,560
178.560,555
178.902,520
178.905,520
179.145,10
179.149,10
179.152,15
179.155,115
180.315,895
180.608,260
180.870,280
182.363,245
184.215,1445
184.221,2055
184.801,10
184.995,560
185.001,135
185.483,10
186.507,425
186.707,1030
186.848,265
186.851,10
186.855,190
187.484,290
187.921,235
188.603,390
188.944,770
188.947,320
189.188,10
189.358,255
189.383,275
189.386,10
189.901,350
190.455,10
191.041,645
191.333,655
191.837,230
192.479,435
193.088,625
193.527,605
194.162,585
194.773,600
194.940,605
194.944,230
195.135,15
195.140,10
195.235,15
195.379,10
195.964,310
196.403,570
196.406,585
196.699,10
197.232,185
197.625,455
198.355,520
198.791,615
199.376,595
199.379,595
200.162,10
200.606,585
201.180,590
201.792,575
202.121,570
202.452,275
203.764,365
204.154,1265
204.740,455
205.203,570
205.209,520
205.860,10
205.866,610
206.354,10
207.080,535
207.084,665
207.664,10
207.713,660
207.860,10
208.298,250
208.932,405
209.712,660
210.297,680
210.593,640
210.835,325
210.838,10
210.979,265
212.100,615
212.103,595
212.197,10
212.343,155
212.347,15
212.493,15
212.496,10
212.839,10
213.075,660
213.080,10
213.907,350
214.592,570
215.171,545
215.174,760
215.464,10
216.634,400
217.221,1065
217.804,520
218.349,630
218.925,550
219.900,515
220.246,1150
220.538,310
220.972,245
222.097,410
222.240,1085
222.776,205
223.759,535
224.093,1050
224.677,315
224.683,535
224.875,10
226.481,15
226.537,1835
226.969,10
227.660,470
227.677,610
227.944,185
228.187,260
228.335,235
229.314,485
229.460,575
229.748,10
230.333,550
230.917,575
231.360,535
231.364,415
231.368,45
231.502,110
231.507,10
233.208,1145
233.757,490
234.183,610
234.186,545
234.476,10
234.525,235
234.817,270
235.988,550
236.002,570
236.523,205
237.112,355
237.648,545
238.083,550
238.730,575
238.912,610
238.915,160
238.960,10
238.964,15
239.014,55
239.021,20
239.024,15
239.253,25
239.839,280
240.375,600
240.472,555
240.475,15
240.479,10
240.764,270
240.769,10
241.642,330
242.130,610
242.817,565
243.420,610
243.748,580
245.160,355
246.663,1300
246.667,1610
247.251,10
248.808,555
249.296,1655
249.344,550
251.197,580
251.201,1095
251.245,150
251.250,20
251.253,15
251.684,20
252.221,330
252.659,565
253.244,550
253.536,580
253.542,270
253.829,250
255.442,590
255.828,1110
256.218,260
256.857,515
257.145,685
257.436,270
257.729,255
257.924,255
258.899,355
260.020,915
260.507,950
261.141,645
261.824,515
263.213,780
264.754,1435
265.027,1495
265.336,275
265.790,395
266.358,380
266.650,535
267.820,370
269.331,1210
269.874,1420
269.939,480
270.813,215
271.671,895
272.208,740
272.793,545
273.186,675
274.121,400
274.196,735
274.700,255
275.864,525
276.162,1140
276.448,380
277.326,295
277.476,765
278.544,255
278.936,1085
280.007,340
281.518,1000
282.103,1575
282.939,600
283.770,745
284.348,895
285.467,635
286.850,1130
287.953,1285
288.051,1350
288.542,300
288.977,10
290.147,580
290.440,1190
291.662,400
293.168,1170
293.364,1455
295.222,175
296.728,1920
297.021,1630
297.898,155
298.191,910
298.489,305
299.702,345
300.871,1225
301.115,1160
301.118,195
301.167,20
301.170,15
301.386,10
301.506,240
303.211,655
303.925,1160
304.404,695
305.454,355
305.948,1265
306.136,400
306.331,180
307.696,265
308.232,1465
309.208,360
309.500,1205
309.744,180
310.484,235
311.255,810
311.888,680
313.595,750
314.277,1600
315.155,755
315.691,835
316.286,505
317.543,615
319.350,1445
319.596,2000
320.536,610
321.200,250
321.395,705
322.226,250
322.813,670
323.198,680
323.786,305
324.856,730
325.297,975
325.304,490
326.464,10
326.468,1230
326.473,10
326.761,195
327.344,270
327.440,325
328.336,210
328.471,815
329.734,185
329.758,1160
330.532,10
331.101,875
332.315,520
332.948,1250
333.632,595
334.167,770
335.308,475
335.678,1175
336.994,440
337.628,1305
338.067,575
338.070,565
338.118,10
338.126,10
338.221,10
338.244,15
338.279,10
338.381,15
338.384,285
338.408,10
338.603,10
339.334,15
339.341,775
339.724,10
340.455,575
340.466,695
340.512,10
341.040,10
341.634,425
343.088,675
343.136,1330
343.141,180
344.306,15
344.311,1070
344.605,10
346.695,365
346.987,1980
348.206,490
348.378,1135
348.744,160
348.791,300
349.084,240
350.284,265
350.893,1120
351.132,860
351.472,290
351.477,25
352.452,10
352.642,975
352.935,250
352.939,290
353.276,10
353.764,365
354.056,440
354.318,270
355.031,270
356.104,890
356.201,910
356.206,180
356.500,10
358.200,220
358.737,1630
359.711,565
361.271,1060
361.274,1515
361.514,240
362.782,1245
362.953,10
363.085,265
363.124,15
363.127,10
363.151,120
365.025,1315
366.013,560
366.172,1200
366.829,300
367.904,295
368.052,1170
368.167,285
368.195,15
368.206,15
368.442,225
369.900,1200
371.120,300
372.483,1100
372.580,1525
372.584,15
372.629,10
372.633,10
372.636,10
372.683,10
372.693,10
372.696,10
372.699,10
373.074,10
374.338,385
374.969,1295
376.239,615
376.246,1350
376.283,10
376.480,235
378.186,1665
378.192,10
378.235,25
378.241,140
378.430,85
378.436,20
378.479,20
378.485,10
379.749,515
380.039,895
380.332,260
380.624,355
380.627,155
380.675,10
381.310,10
381.501,710
381.745,340
381.895,10
382.915,615
383.208,575
383.215,265
383.356,10
383.362,10
383.452,245
383.890,400
383.899,10
383.939,155
384.919,815
384.922,160
384.926,10
385.111,10
386.474,10
386.864,1510
387.501,535
388.155,610
388.160,575
388.667,10
389.253,505
389.886,580
389.984,590
390.230,90
391.447,290
391.933,1250
392.473,540
392.518,555
392.624,10
393.060,10
393.737,505
394.072,650
394.179,285
394.182,20
394.336,220
394.858,550
395.253,10
395.980,470
396.419,720
397.247,520
397.588,700
398.469,525
399.977,850
400.319,1435
402.074,485
402.666,1630
403.536,550
404.025,1015
404.315,360
404.754,310
405.004,510
405.053,255
405.291,10
405.441,445
405.637,225
408.313,995
408.898,1580
408.902,560
409.191,245
410.507,285
410.994,1170
412.808,520
412.830,1765
413.090,15
413.093,280
413.188,15
413.386,10
413.921,175
413.971,770
413.978,15
414.262,195
414.553,320
415.138,10
415.771,595
416.310,645
417.108,605
417.234,620
417.479,525
417.531,20
417.672,10
419.623,1070
419.916,1080
420.695,235
420.699,750
420.844,30
421.085,10
422.349,410
422.889,1180
423.430,620
423.474,610
424.107,10
424.693,445
424.987,1030
425.573,290
426.301,365
426.305,695
426.496,10
426.740,15
427.325,405
427.471,815
427.666,235
430.054,1165
430.059,1155
430.325,15
430.347,15
430.447,20
430.591,395
431.127,610
431.671,10
432.107,475
432.741,415
433.906,750
434.735,1065
435.027,825
436.587,535
436.841,1460
436.880,260
438.927,900
439.268,1125
440.730,470
440.734,1340
440.784,10
440.810,10
440.975,195
441.267,305
441.959,10
442.124,665
442.250,200
442.486,10
442.785,410
443.607,295
443.610,765
443.756,10
443.809,230
444.045,10
445.168,290
445.343,1050
445.347,225
445.361,15
445.365,25
445.412,15
445.430,10
445.433,10
445.459,10
445.462,15
445.709,215
445.803,10
446.678,540
447.263,500
447.801,530
448.100,490
448.774,490
449.066,600
449.070,230
449.312,260
450.003,685
450.142,15
450.149,180
450.285,10
451.465,265
452.089,1070
453.210,585
453.503,1090
454.727,265
456.234,1290
456.531,1620
456.573,190
456.577,10
456.581,15
456.584,10
456.674,15
456.678,20
456.837,240
456.869,135
457.110,295
457.744,10
458.915,565
460.327,1035
461.058,1545
462.472,600
462.965,1505
463.713,540
464.775,830
465.154,955
466.285,340
466.330,1315
468.664,925
469.053,1360
470.713,350
471.101,1680
472.807,440
473.197,1610
474.323,475
474.418,1120
474.708,10
475.147,380
476.122,495
477.491,910
478.218,1410
479.144,685
479.347,1040
479.636,155
480.070,270
481.679,530
482.117,1585
483.240,325
483.921,1180
484.214,645
485.725,525
486.318,1315
486.328,400
487.675,110
488.309,1470
489.430,645
490.459,1130
491.039,1195
491.331,440
491.966,315
492.843,645
493.088,995
494.353,260
494.890,1280
496.307,320
496.476,1405
496.601,330
496.986,10
497.571,395
497.619,655
498.219,10
499.085,620
499.095,800
499.131,10
499.326,250
499.331,10
500.304,975
500.455,10
500.601,225
500.938,10
501.230,560
501.714,10
502.007,610
503.031,275
503.058,990
503.277,180
504.176,15
504.641,1025
505.078,545
505.858,560
506.446,590
507.320,560
507.710,1070
507.760,295
507.958,195
508.636,670
509.130,10
509.758,575
510.148,535
510.888,550
511.415,690
512.146,475
512.152,710
513.121,10
513.664,975
514.779,595
514.877,1065
515.186,220
516.003,215
516.290,1090
518.289,655
518.435,1625
520.824,890
521.019,1495
521.311,170
521.457,280
521.462,250
521.750,75
522.823,940
522.920,260
523.117,195
523.310,95
523.505,280
523.508,175
524.626,10
524.723,1120
525.016,10
525.750,410
526.186,605
526.820,610
527.310,580
528.818,565
529.798,1375
530.480,1115
531.841,695
532.328,1210
532.332,620
533.645,15
534.252,1280
534.258,615
534.474,10
534.480,185
534.766,10
536.325,235
536.911,1660
537.495,560
537.501,535
538.714,10
538.717,1110
538.961,230
539.250,10
539.789,320
540.203,575
540.441,595
540.473,240
540.618,10
540.622,10
541.103,295
541.106,240
541.298,10
541.591,330
541.980,175
542.516,375
543.150,600
543.154,660
543.357,10
543.394,65
543.397,10
543.400,20
543.403,25
543.497,15
543.638,10
543.662,260
543.789,35
544.616,10
544.670,930
544.684,10
544.905,245
545.543,285
546.026,510
546.270,350
546.760,260
547.443,380
548.838,855
548.957,1400
549.049,190
549.926,460
551.145,330
